AGENCY_CD,SITE_NO,STATION_NM,STATION_IX,LAT_VA,LONG_VA,DEC_LAT_VA,DEC_LONG_VA,COORD_METH_CD,COORD_ACY_CD,COORD_DATUM_CD,DISTRICT_CD,LAND_NET_DS,MAP_NM,COUNTRY_CD,STATE_CD,COUNTY_CD,MCD_CD,MAP_SCALE_FC,ALT_VA,ALT_METH_CD,ALT_ACY_VA,ALT_DATUM_CD,HUC_CD,AGENCY_USE_CD,BASIN_CD,SITE_TP_CD,TOPO_CD,DATA_TYPES_CD,INSTRUMENTS_CD,SITE_RMKS_TX,INVENTORY_DT,DRAIN_AREA_VA,CONTRIB_DRAIN_AREA_VA,TZ_CD,LOCAL_TIME_FG,GW_FILE_CD,CONSTRUCTION_DT,RELIABILITY_CD,AQFR_CD,NAT_AQFR_CD,SITE_USE_1_CD,SITE_USE_2_CD,SITE_USE_3_CD,WATER_USE_1_CD,WATER_USE_2_CD,WATER_USE_3_CD,NAT_WATER_USE_CD,AQFR_TYPE_CD,WELL_DEPTH_VA,HOLE_DEPTH_VA,DEPTH_SRC_CD,PROJECT_NO,SITE_WEB_CD,SITE_CN,SITE_CR,SITE_MN,SITE_MD
"USGS ","425931087570201","29TH ST STORM SEWER OUTLET AT MILWAUKEE, WI","29THSTSTORMSEWEROUTLETATMILWAUKEEWI"," 425931    "," 0875702    ",42.9919444444444,-87.9505555555556,"N","S","NAD83     ","55 ","NESESES12 T6N   R21E 4","GREENDALE","US","55","079",NULL,"  24000","     620","N","4.3","NAVD88    ","040400030501","L","  ","FA-OF","S","ANANANNNNNNAAANNNNNNNNNNNNNNNA","NNNYNNNNNNNYNYNYNNNNNNNNNNNNNN","discharge to Kinnickinnic R","20180605","   11.34","        ","CST   ","Y","                              ","        ","C","        ","          "," "," "," "," "," "," ","  "," ","        ","        "," ","2941GQ405   ","Y","cabuchwa","2018-06-11 18:03:29","rltaylor","2018-10-25 21:19:21"
"USGS ","434500088260302","BIRCH TREE LANE SITE #3 AT FOND DU LAC, WI","BIRCHTREELANESITE3ATFONDDULACWI"," 434500    "," 0882603    ",43.75,-88.4341666666667,"N","S","NAD83     ","55 ","SWNESWS23 T15N  R17E  4","FOND DU LAC","US","55","039",NULL,"  24000","     830","N","  4","NAVD88    ","040302030203","A","  ","FA-FON","U","NNNNANNNNNNNNNNNNNNNNNNNNNNNNA","NNNYNNNNNNNYNYNNNNNNNNNNNNNNNN"," ","        ","        ","        ","CST   ","Y","                              ","        ","C","        ","          "," "," "," "," "," "," ","  "," ","        ","        "," ","GQ467       ","Y","cabuchwa","2018-06-11 18:34:44","rltaylor","2018-10-25 21:19:27"
"USGS ","434505088260602","BIRCH TREE LANE SITE #2 AT FOND DU LAC, WI","BIRCHTREELANESITE2ATFONDDULACWI"," 434505    "," 0882606    ",43.7513888888889,-88.435,"N","S","NAD83     ","55 ","SWNESWS23 T15N  R17E  4","FOND DU LAC","US","55","039",NULL,"  24000","     826","N","  4","NAVD88    ","040302030203","A","  ","FA-FON","U","NNNNANNNNNNNNNNNNNNNNNNNNNNNNA","NNNYNNNNNNNYNYNNNNNNNNNNNNNNNN"," ","        ","        ","        ","CST   ","Y","                              ","        ","C","        ","          "," "," "," "," "," "," ","  "," ","        ","        "," ","GQ467       ","Y","cabuchwa","2018-06-11 18:34:44","rltaylor","2018-10-25 21:19:27"
"USGS ","434507088260801","BIRCH TREE LANE SITE #1 AT FOND DU LAC, WI","BIRCHTREELANESITE1ATFONDDULACWI"," 434507    "," 0882608    ",43.7519444444444,-88.4355555555556,"N","S","NAD83     ","55 ","SWNESWS23 T15N  R17E  4","FOND DU LAC","US","55","039",NULL,"  24000","     819","N","  4","NAVD88    ","040302030203","A","  ","FA-FON","U","NNNNANNNNNNNNNNNNNNNNNNNNNNNNA","NNNYNNNNNNNYNYNNNNNNNNNNNNNNNN"," ","        ","        ","        ","CST   ","Y","                              ","        ","C","        ","          "," "," "," "," "," "," ","  "," ","        ","        "," ","GQ467       ","Y","cabuchwa","2018-06-11 18:34:44","rltaylor","2018-10-25 21:19:27"
"USGS ","434502088260902","HOLLY TREE LANE SITE #2 AT FOND DU LAC, WI","HOLLYTREELANESITE2ATFONDDULACWI"," 434502    "," 0882609    ",43.7505555555556,-88.4358333333333,"N","S","NAD83     ","55 ","SWNESWS23 T15N  R17E  4","FOND DU LAC","US","55","039",NULL,"  24000","     826","N","  4","NAVD88    ","040302030203","A","  ","FA-FON","U","NNNNANNNNNNNNNNNNNNNNNNNNNNNNA","NNNYNNNNNNNYNYNNNNNNNNNNNNNNNN"," ","        ","        ","        ","CST   ","Y","                              ","        ","C","        ","          "," "," "," "," "," "," ","  "," ","        ","        "," ","GQ467       ","Y","cabuchwa","2018-06-11 18:34:45","rltaylor","2018-10-25 21:19:27"
"USGS ","434459088260601","HOLLY TREE LANE SITE #3 AT FOND DU LAC, WI","HOLLYTREELANESITE3ATFONDDULACWI"," 434459    "," 0882606    ",43.7497222222222,-88.435,"N","S","NAD83     ","55 ","SWNESWS23 T15N  R17E  4","FOND DU LAC","US","55","039",NULL,"  24000","     835","N","  4","NAVD88    ","040302030203","A","  ","FA-FON","U","NNNNANNNNNNNNNNNNNNNNNNNNNNNNA","NNNYNNNNNNNYNYNNNNNNNNNNNNNNNN"," ","        ","        ","        ","CST   ","Y","                              ","        ","C","        ","          "," "," "," "," "," "," ","  "," ","        ","        "," ","GQ467       ","Y","cabuchwa","2018-06-11 18:34:45","rltaylor","2018-10-25 21:19:26"
"USGS ","434458088260602","HOLLY TREE LANE SITE #4 AT FOND DU LAC, WI","HOLLYTREELANESITE4ATFONDDULACWI"," 434458    "," 0882606    ",43.7494444444444,-88.435,"N","S","NAD83     ","55 ","SWNESWS23 T15N  R17E  4","FOND DU LAC","US","55","039",NULL,"  24000","     837","N","  4","NAVD88    ","040302030203","A","  ","FA-FON","U","NNNNANNNNNNNNNNNNNNNNNNNNNNNNA","NNNYNNNNNNNYNYNNNNNNNNNNNNNNNN"," ","        ","        ","        ","CST   ","Y","                              ","        ","C","        ","          "," "," "," "," "," "," ","  "," ","        ","        "," ","GQ467       ","Y","cabuchwa","2018-06-11 18:34:45","rltaylor","2018-10-25 21:19:26"
"USGS ","05401034       ","S.BR.TENMILE CREEK NEAR BANCROFT, WI","SBRTENMILECREEKNEARBANCROFTWI"," 441618.1  "," 0893256.0  ",44.2716944444444,-89.5488888888889,"M","S","NAD83     ","55 ","  NWNWS27 T21N  R8E","Bancroft, WI","US","55","097",NULL,"  24000","    1075","M","  5","NAVD88    ","070700030503","A","  ","ST","C","ANNNNNNNNNNNNNNNNNNNNNNNNNNNNA","YNNNNNNNNNNNNNNNNNNNNNNNNNNNNN"," ","        ","    25.5","        ","CST   ","Y","                              ","        "," ","        ","          "," "," "," "," "," "," ","  "," ","        ","        "," ","            ","Y","rjwaschb","2017-06-20 20:35:08","rltaylor","2018-10-25 21:28:09"
"USGS ","441253089303101","WS-20/08E/11-2268","WS2008E112268"," 441253.11 "," 0893030.55 ",44.2147527777778,-89.5084861111111,"Z","H","NAD83     ","55 ","  SWSES11 T20N  R08E  4","HANCOCK, WI","US","55","137","63175","  24000","  1107.6","Z","0.1","NAVD88    ","070700030602","M","  ","GW","F","AAANNNNNNNNNNNNNNNNNNNNNNNNNNA","YNNNNNNNNNNNNNNNYNNNNNNNNNNNNN","WISA well 10","20180227","        ","        ","CST   ","Y","YY   Y                        ","2000    ","C","100SDGV ","N100GLCIAL","O"," "," ","U"," "," ","  ","U","      63","      63","S","0200        ","Y","jasons  ","2018-02-27 18:16:47","rltaylor","2018-10-25 22:09:15"
"USGS ","0408442390     ","WEST BR MUD CREEK BELOW CTH BB AT APPLETON, WI","WESTBRMUDCREEKBELOWCTHBBATAPPLETONWI"," 441438.2  "," 0882814.2  ",44.2439444444444,-88.4706111111111,"N","5","NAD83     ","55 ","  NWNES4  T20N  R17E  4","NEENAH","US","55","139",NULL,"  24000","     740","N","  4","NAVD88    ","040302040205","O","  ","ST","C","NNNONNNNNNNNNNNNNNNNNNNNNNNNNN","NNNNNNNNNNNNNNNNNNNNNNNNNNNNNN","SMPL LOC LEFT BANK 50FT D/S OF BRIDGE","        ","        ","        ","CST   ","Y","                              ","        ","C","        ","          "," "," "," "," "," "," ","  "," ","        ","        "," ","GR17NK-GCT14","Y","cabuchwa","2017-05-23 22:11:46","cabuchwa","2017-05-23 22:11:46"
"USGS ","0408507150     ","ASHWAUBENON CREEK AT PARKVIEW RD AT DE PERE, WI","ASHWAUBENONCREEKATPARKVIEWRDATDEPEREWI"," 442743.5  "," 0880427.4  ",44.4620833333333,-88.0742777777778,"N","5","NAD83     ","55 ","  SWSES16 T23N  R20E  4","DE PERE","US","55","009",NULL,"  24000","     586","N","  4","NAVD88    ","040302040403","O","  ","ST","C","NNNONNNNNNNNNNNNNNNNNNNNNNNNNN","NNNNNNNNNNNNNNNNNNNNNNNNNNNNNN","SMPL LOC RIGHT BANK 150FT U/S OF BRIDGE","        ","        ","        ","CST   ","Y","                              ","        ","C","        ","          "," "," "," "," "," "," ","  "," ","        ","        "," ","GR17NK-GCT14","Y","cabuchwa","2017-05-23 22:11:46","rltaylor","2018-10-25 21:29:02"
"USGS ","040851379      ","EAST RIVER BELOW CEDAR ST AT GREEN BAY, WI","EASTRIVERBELOWCEDARSTATGREENBAYWI"," 443046.1  "," 0875952.1  ",44.5128055555556,-87.9978055555556,"N","5","NAD83     ","55 ","  SWNES31 T24N  R21E  4","GREEN BAY EAST","US","55","009",NULL,"  24000","     586","N","  4","NAVD88    ","040302040405","O","  ","ST","C","NNNONNNNNNNNNNNNNNNNNNNNNNNNNN","NNNNNNNNNNNNNNNNNNNNNNNNNNNNNN"," ","        ","        ","        ","CST   ","Y","                              ","        ","C","        ","          "," "," "," "," "," "," ","  "," ","        ","        "," ","GR17NK-GCT14","Y","cabuchwa","2017-05-23 22:11:46","cabuchwa","2017-05-23 22:11:46"
"USGS ","040870855      ","UNDERWOOD CREEK AT JUNEAU BLVD AT ELM GROVE, WI","UNDERWOODCREEKATJUNEAUBLVDATELMGROVEWI"," 430245.6  "," 0880452.1  ",43.046,-88.0811388888889,"N","5","NAD83     ","55 ","  SESWS24 T7N   R20E  4","WAUWATOSA","US","55","133",NULL,"  24000","     741","N","  4","NAVD88    ","040400030404","O","  ","ST","C","NNNONNNNNNNNNNNNNNNNNNNNNNNNNN","NNNNNNNNNNNNNNNNNNNNNNNNNNNNNN"," ","        ","        ","        ","CST   ","Y","                              ","        ","C","        ","          "," "," "," "," "," "," ","  "," ","        ","        "," ","GR17NK-GCT14","Y","cabuchwa","2017-05-23 22:11:46","rltaylor","2018-10-25 21:29:02"
"USGS ","04087098       ","MENOMONEE RIVER ABOVE CHURCH ST AT WAUWATOSA, WI","MENOMONEERIVERABOVECHURCHSTATWAUWATOSAWI"," 430301.2  "," 0880053.3  ",43.0503333333333,-88.0148055555556,"N","5","NAD83     ","55 ","  NWSES21 T7N   R21E  4","WAUWATOSA","US","55","079",NULL,"  24000","     651","N","  4","NAVD88    ","040400030405","O","  ","ST","C","NNNONNNNNNNNNNNNNNNNNNNNNNNNNN","NNNNNNNNNNNNNNNNNNNNNNNNNNNNNN"," ","        ","        ","        ","CST   ","Y","                              ","        ","C","        ","          "," "," "," "," "," "," ","  "," ","        ","        "," ","GR17NK-GCT14","Y","cabuchwa","2017-05-23 22:11:46","rltaylor","2018-10-25 21:29:02"
"USGS ","454856090104601","PR-38/02E/01-0088","PR3802E010088"," 454856.27 "," 0901045.90 ",45.8156305555556,-90.1794166666667,"Z","H","NAD83     ","55 ","  NENWS01 T38N  R02E  4","PIKE LAKE SW, WI","US","55","099","89100","  24000","  1574.4","Z","0.1","NAVD88    ","070500030102","A","  ","GW","F","AAANNNNNNNNNNNNNNNNNNNNNNNNNNA","YNNNNNNNNNNNNNNNYNNNNNNNNNNNNN"," ","20170524","        ","        ","CST   ","Y","YY   Y                        ","20150521","C","400PCMB ","N9999OTHER","O"," "," ","U"," "," ","  ","U","    68.8","    1000","D","9KH50       ","Y","jasons  ","2017-05-24 18:46:05","rltaylor","2018-10-25 22:09:14"
"USGS ","454856090104602","PR-38/02E/01-0089","PR3802E010089"," 454856.27 "," 0901045.90 ",45.8156305555556,-90.1794166666667,"Z","H","NAD83     ","55 ","  NENWS01 T38N  R02E  4","PIKE LAKE SW, WI","US","55","099","89100","  24000","  1574.4","Z","0.1","NAVD88    ","070500030102","A","  ","GW","F","AAANNNNNNNNNNNNNNNNNNNNNNNNNNA","YNNNNNNNNNNNNNNNYNNNNNNNNNNNNN"," ","20170524","        ","        ","CST   ","Y","YY   Y                        ","20150520","C","400PCMB ","N9999OTHER","O"," "," ","U"," "," ","  ","C","     340","    1000","D","9KH50       ","Y","jasons  ","2017-05-24 19:01:47","rltaylor","2018-10-25 22:09:14"
"USGS ","04085497       ","Sheboygan R. at Hwy 32 at Kiel, WI","SHEBOYGANRATHWY32ATKIELWI"," 435443.0  "," 0880145.2  ",43.9119444444444,-88.0292222222222,"M","S","NAD83     ","55 ","  NESES30 T17N  R21E","Kiel, WI","US","55","071",NULL,"  24000","     985","M"," 10","NAVD88    ","040301011106","I","  ","ST","C","NNNNNNNNNNNNNNNNNNNNNNNNNNNNNA","NNNNNNNNNNNNNNNNNNNNNNNNNNNNNN","low flow measurement site","        ","     153","        ","CST   ","Y","                              ","        "," ","        ","          "," "," "," "," "," "," ","  "," ","        ","        "," ","            ","Y","rjwaschb","2017-09-19 15:52:37","rltaylor","2018-10-25 21:25:46"
"USGS ","451048092293001","SC-31/17W/17-4051","SC3117W174051"," 451048.38 "," 0922929.77 ",45.1801055555556,-92.4916027777778,"Z","H","NAD83     ","55 ","  NENES17 T31N  R17W  4","DEER PARK, WI","US","55","109","76675","  24000","  1006.1","Z","0.1","NAVD88    ","070300051005","L","  ","GW","F","AAANNNNNNNNNNNNNNNNNNNNNNNNNNA","NNNNNNNNNNNNNNNNYNNNNNNNNNNNNN"," ","20170918","        ","        ","CST   ","Y","YY   Y                        ","20170719","C","100SDGV ","N100GLCIAL","O"," "," ","U"," "," ","  ","U","    17.5","    18.0","D","9KH50       ","Y","jasons  ","2017-09-18 15:27:36","rltaylor","2018-10-25 22:09:14"
"USGS ","04073240       ","CHAFFEE CREEK AT I-39 NEAR COLOMA, WI","CHAFFEECREEKATI39NEARCOLOMAWI"," 435854.3  "," 0892952.1  ",43.98175,-89.4978055555556,"M","S","NAD83     ","55 ","  NWNWS1  T17N  R8E","Montello, WI","US","55","077",NULL," 100000","     900","M","  5","NAVD88    ","040302010702","A","  ","ST","C","ANNNNNNNNNNNNNNNNNNNNNNNNNNNNA","YNNNYNYNNYNNNNNNYNNNNNNNNNNNNN","installed for central sands gw study","        ","     4.3","        ","CST   ","Y","                              ","        "," ","        ","          "," "," "," "," "," "," ","  "," ","        ","        "," ","            ","Y","rjwaschb","2017-06-16 18:46:08","kshousel","2018-12-07 17:43:38"
"USGS ","04073245       ","CHAFFEE CREEK NEAR RICHFORD, WI","CHAFFEECREEKNEARRICHFORDWI"," 435853.1  "," 0892744.4  ",43.9814166666667,-89.4623333333333,"M","1","NAD83     ","55 ","  NWNWS5  T17N  R9E","Montello, WI","US","55","077",NULL," 100000","     850","M"," 10","NAVD88    ","040302010702","O","  ","ST","C","NANNNNNNNNNNNNNNNNNNNNNNNNNNNN","NNNNNNNNNNNNNNNNNNNNNNNNNNNNNN","low flow measurement site","        ","     6.6","        ","CST   ","Y","                              ","        "," ","        ","          "," "," "," "," "," "," ","  "," ","        ","        "," ","            ","Y","rjwaschb","2017-06-16 18:55:05","rltaylor","2018-10-25 21:26:13"